captured_at,slot,signal_date,market_asof_date,score,stance,confidence,sh_close,sh_pct,global_avg,a50_pct,usdcnh,usdcnh_pct,dxy,dxy_pct,vix,us10y,health
2026-09-20 15:40,open,2026-09-20,2026-09-18,25,积极但不追高,中,3911.87,0.94,0.2177,,,,,,15.44,4.94,"markets,us10y,vix"
2026-09-20 16:09,night,2026-09-20,2026-09-18,25,积极但不追高,中,3911.87,0.94,0.2177,,,,,,15.44,4.94,"markets,us10y,vix"
2026-09-20 16:15,night,2026-09-20,2026-09-18,21,谨慎偏多,中,3911.87,0.94,0.2177,,,,,,15.44,4.94,"markets,us10y,vix"
2026-09-20 16:47,midday,2026-09-20,2026-09-18,23,谨慎偏多,中,3911.87,0.94,0.2177,,,,,,15.44,4.94,"markets,us10y,vix"
2026-09-20 17:20,night,2026-09-20,2026-09-18,25,积极但不追高,中,3911.87,0.94,0.2177,0.017262809004270352,6.6943,-0.14171067155941408,100.2167,-0.005487806094850445,15.44,4.94,"markets,us10y,vix"
2026-09-20 20:16,close,2026-09-20,2026-09-18,19,谨慎偏多,中,3911.87,0.94,0.2177,0.017262809004270352,6.6943,-0.14171067155941408,100.2167,-0.005487806094850445,15.44,4.94,"markets,us10y,vix"
2026-09-20 20:23,close,2026-09-20,2026-09-18,19,谨慎偏多,中,3911.87,0.94,0.2177,0.017262809004270352,6.6943,-0.14171067155941408,100.2167,-0.005487806094850445,15.44,4.94,news
2026-09-21 00:14,night,2026-09-21,2026-09-18,19,谨慎偏多,中,3911.87,0.94,0.2177,0.017262809004270352,6.6943,-0.14171067155941408,100.2167,-0.005487806094850445,15.44,4.94,"markets,us10y,vix"
2026-09-21 08:15,overnight,2026-09-21,2026-09-18,22,谨慎偏多,中,3911.87,0.94,0.2177,0.017262809004270352,6.6941,-0.022402771969654012,100.2689,0.038710926158924686,15.44,4.94,"markets,us10y,vix"
2026-09-21 15:52,open,2026-09-21,2026-09-21,25,积极但不追高,中,3911.87,0.94,0.281,0.8543018920038614,6.6953,-0.004480554393937464,100.3172,0.08690004300107024,15.44,4.94,"markets,us10y,vix"
2026-09-21 17:15,midday,2026-09-21,2026-09-21,22,谨慎偏多,中,3911.87,0.94,0.3144,0.018685831622167193,6.6945,-0.016428699444415162,100.2952,0.06495054878723483,15.44,4.94,"markets,us10y,vix"
2026-09-21 22:01,close,2026-09-21,2026-09-21,33,积极但不追高,中,3949.91,0.97,0.9444,0.06043805612594433,6.6925,-0.04629906207060941,100.3751,0.14466712095468903,15.44,4.94,"markets,news,us10y,vix"
2026-09-22 02:13,night,2026-09-22,2026-09-21,35,积极但不追高,中,3949.91,0.97,1.3377,0.2882272416153464,6.6926,-0.044805543939308023,100.4111,0.180584475122747,15.44,4.94,"markets,us10y,vix"
2026-09-22 08:49,overnight,2026-09-22,2026-09-21,34,积极但不追高,中,3949.91,0.97,1.3644,0.30253251197809305,6.6916,-0.011953858107704995,100.3721,-0.047998263299342536,15.44,4.94,"markets,us10y,vix"
2026-09-22 15:37,open,2026-09-22,2026-09-22,31,积极但不追高,中,3949.91,0.97,1.181,0.30595482546200703,6.6992,0.10160779391548136,100.4884,0.06781497366568079,15.44,4.94,"markets,us10y,vix"
2026-09-22 16:46,midday,2026-09-22,2026-09-22,33,积极但不追高,中,3949.91,0.97,1.1977,0.26899383983571834,6.6999,0.11206741975973156,100.4855,0.0649271113509986,15.44,4.94,"markets,us10y,vix"
2026-09-22 20:34,close,2026-09-22,2026-09-22,7,谨慎偏多,中,3952.13,0.06,1.1977,0.21523133615395373,6.6985,0.09114816807125337,100.392,-0.028181552933026488,15.44,4.94,"markets,us10y,vix"
2026-09-23 01:02,night,2026-09-23,2026-09-22,-7,谨慎防守,中,3952.13,0.06,0.2077,0.27705745871433596,6.6998,0.11057318749625455,100.6474,0.2261494936780739,15.44,4.94,"markets,us10y,vix"
2026-09-23 08:31,overnight,2026-09-23,2026-09-22,-3,中性等待,中,3952.13,0.06,0.3094,0.3403848778490426,6.6964,-0.03284268354581954,100.564,0.025462907704909554,15.44,4.94,"markets,us10y,vix"
2026-09-23 15:39,open,2026-09-23,2026-09-23,-15,谨慎防守,中,3952.13,0.06,0.1044,-0.7853145898730762,6.7078,0.13734213119158678,100.7635,0.22389455173346118,15.44,4.94,"markets,us10y,vix"
2026-09-23 16:48,midday,2026-09-23,2026-09-23,-14,谨慎防守,中,3952.13,0.06,0.111,-0.8298075610754796,6.7051,0.09703520138535371,100.7818,0.2420965521631624,15.44,4.94,"markets,us10y,vix"
2026-09-23 20:43,close,2026-09-23,2026-09-23,-22,谨慎防守,中,3936.52,-0.39,0.111,-0.15191963671391528,6.7083,0.14480637745202252,100.9623,0.42162994437946466,15.44,4.94,"markets,us10y,vix"
2026-09-24 01:12,night,2026-09-24,2026-09-23,-34,防守优先,中,3936.52,-0.39,-0.729,-0.44261731113252045,6.713,0.2149702922998875,101.2225,0.6804365297239601,15.44,4.94,"markets,us10y,vix"
2026-09-24 08:29,overnight,2026-09-24,2026-09-23,-26,防守优先,中,3936.52,-0.39,-0.6306,-0.4953901197192745,6.7123,0.013410018774018262,101.1492,0.01789756069101589,15.44,4.94,"markets,us10y,vix"
2026-09-24 15:31,open,2026-09-24,2026-09-24,-30,防守优先,中,3936.52,-0.39,-0.509,-1.3354891977432226,6.7124,0.014900020860020291,101.0671,-0.06328419249865824,15.44,4.94,"markets,us10y,vix"
2026-09-24 16:42,midday,2026-09-24,2026-09-24,-32,防守优先,中,3936.52,-0.39,-0.5106,-1.5197468006054704,6.715,0.05364007509609525,101.1264,-0.0046474328866175085,15.44,4.94,"markets,us10y,vix"
2026-09-24 20:42,close,2026-09-24,2026-09-24,-34,防守优先,中,3888.37,-1.22,-0.5106,0.10095011876485316,6.7143,0.04321006049408105,101.2667,0.134083382856498,15.44,4.94,"markets,us10y,vix"
2026-09-25 01:18,night,2026-09-25,2026-09-24,-28,防守优先,中,3888.37,-1.22,0.1877,0.23249965069163103,6.7151,0.05513007718209728,101.2439,0.11153838927886461,15.44,4.94,"markets,us10y,vix"
2026-09-25 08:32,overnight,2026-09-25,2026-09-24,-24,谨慎防守,中,3888.37,-1.22,0.1394,0.8620079297649408,6.7171,0.022336053368277042,101.2982,0.05471994057848484,15.44,4.94,"markets,us10y,vix"
2026-09-25 15:34,open,2026-09-25,2026-09-24,-29,防守优先,中,3888.37,-1.22,-0.0106,0.35266213537241686,6.723,0.11019119661683785,101.1868,-0.055312575313992696,15.44,4.94,"markets,us10y,vix"
2026-09-25 17:03,midday,2026-09-25,2026-09-24,-30,防守优先,中,3888.37,-1.22,0.0194,0.10492913052675412,6.7231,0.11168026684138521,101.107,-0.13413299513644894,15.44,4.94,"markets,us10y,vix"
2026-09-25 20:44,close,2026-09-25,2026-09-24,-24,谨慎防守,中,3888.37,-1.22,0.0194,0.06910655101897145,6.7239,0.12359282863780852,101.0142,-0.2257938342282162,15.44,4.94,"markets,us10y,vix"
2026-09-26 01:18,night,2026-09-26,2026-09-24,-23,谨慎防守,中,3888.37,-1.22,0.4294,0.05528524081517272,6.7238,0.12210375841323895,101.0572,-0.1833216781835456,15.44,4.94,"markets,us10y,vix"
2026-09-26 08:37,overnight,2026-09-26,2026-09-24,-24,谨慎防守,中,3888.37,-1.22,0.4877,0.1093011776320374,6.7227,0.10572398594317356,101.0343,-0.20594057058872517,15.44,4.94,"markets,us10y,vix"
2026-09-26 15:27,open,2026-09-26,2026-09-24,-20,谨慎防守,中,3888.37,-1.22,0.4877,0.1093011776320374,6.7227,0.10572398594317356,101.0343,-0.20594057058872517,15.44,4.94,"markets,us10y,vix"
2026-09-26 16:48,midday,2026-09-26,2026-09-24,-20,谨慎防守,中,3888.37,-1.22,0.4877,0.1093011776320374,6.7227,0.10572398594317356,101.0343,-0.20594057058872517,15.44,4.94,"markets,us10y,vix"
2026-09-26 20:11,close,2026-09-26,2026-09-24,-18,谨慎防守,中,3888.37,-1.22,0.4877,0.1093011776320374,6.7227,0.10572398594317356,101.0343,-0.20594057058872517,15.44,4.94,"markets,us10y,vix"
2026-09-27 00:30,night,2026-09-27,2026-09-24,-18,谨慎防守,中,3888.37,-1.22,0.4877,0.1093011776320374,6.7227,0.10572398594317356,101.0343,-0.20594057058872517,15.44,4.94,"markets,us10y,vix"
2026-09-27 08:34,overnight,2026-09-27,2026-09-24,-18,谨慎防守,中,3888.37,-1.22,0.4877,0.1093011776320374,6.7227,0.10572398594317356,101.0343,-0.20594057058872517,15.44,4.94,"markets,news,us10y,vix"
2026-09-27 15:57,open,2026-09-27,2026-09-24,-18,谨慎防守,中,3888.37,-1.22,0.4877,0.1093011776320374,6.7227,0.10572398594317356,101.0343,-0.20594057058872517,15.44,4.94,"markets,news,us10y,vix"
2026-09-27 17:29,midday,2026-09-27,2026-09-24,-18,谨慎防守,中,3888.37,-1.22,0.4877,0.1093011776320374,6.7227,0.10572398594317356,101.0343,-0.20594057058872517,15.44,4.94,"markets,news,us10y,vix"
2026-09-27 20:58,close,2026-09-27,2026-09-24,-18,谨慎防守,中,3888.37,-1.22,0.4877,0.1093011776320374,6.7227,0.10572398594317356,101.0343,-0.20594057058872517,15.44,4.94,"markets,news,us10y,vix"
2026-09-28 01:03,night,2026-09-28,2026-09-24,-18,谨慎防守,中,3888.37,-1.22,0.4877,0.1093011776320374,6.7227,0.10572398594317356,101.0343,-0.20594057058872517,15.44,4.94,"markets,news,us10y,vix"
2026-09-28 08:44,overnight,2026-09-28,2026-09-24,-19,谨慎防守,中,3888.37,-1.22,0.4877,0.1093011776320374,6.7255,0.04611448292275444,101.1411,0.041741304801523604,15.44,4.94,"markets,news,us10y,vix"
2026-09-28 16:34,open,2026-09-28,2026-09-28,-29,防守优先,中,3888.37,-1.22,0.746,-1.8729285663916517,6.7152,-0.1071046054980429,101.0657,-0.03283913079172862,15.44,4.94,"markets,us10y,vix"
2026-09-28 18:07,midday,2026-09-28,2026-09-28,-22,谨慎防守,中,3888.37,-1.22,0.746,-0.08165756966389548,6.7129,-0.1413185766988012,101.1467,0.047280435296515044,15.44,4.94,"markets,us10y,vix"
2026-09-28 23:22,close,2026-09-28,2026-09-28,-48,防守优先,中,3823.62,-1.67,-0.2456,-0.16913243320884064,6.7138,-0.1279305010115528,101.2145,0.11434347950374235,15.44,4.94,"markets,us10y,vix"
2026-09-29 03:43,night,2026-09-29,2026-09-28,-38,防守优先,中,3823.62,-1.67,-0.1056,0.0948003447285295,6.7126,-0.1457812685945581,101.2053,0.10524347940481515,15.44,4.94,"markets,us10y,vix"
2026-09-29 09:56,overnight,2026-09-29,2026-09-29,-44,防守优先,中,3823.62,-1.67,-0.2756,-0.3813559322033977,6.708,-0.06852784316062621,101.2409,0.05208117152000202,15.44,4.94,"markets,us10y,vix"
2026-09-29 16:17,open,2026-09-29,2026-09-29,-48,防守优先,中,3823.62,-1.67,-0.3073,-0.324619362252232,6.7042,-0.1251378005541759,101.3582,0.16800377909678144,15.44,4.94,"markets,us10y,vix"
2026-09-29 18:05,midday,2026-09-29,2026-09-29,-45,防守优先,中,3823.62,-1.67,-0.2906,0.05360616759133574,6.7065,-0.09087387897387389,101.4534,0.26208589539096216,15.44,4.94,"markets,us10y,vix"
2026-09-29 22:01,close,2026-09-29,2026-09-29,1,中性等待,中,3830.45,0.18,0.056,0.12320772389942114,6.7073,-0.07895599320680846,101.4025,0.21178358741436032,15.44,4.94,"markets,us10y,vix"
2026-09-30 02:08,night,2026-09-30,2026-09-29,-1,中性等待,中,3830.45,0.18,-0.1473,0.06657540168599763,6.7083,-0.06405863599796557,101.4531,0.261789418133751,15.44,4.94,"markets,us10y,vix"
2026-09-30 09:17,overnight,2026-09-30,2026-09-30,5,谨慎偏多,中,3830.45,0.18,0.0427,0.3696231716982412,6.7057,-0.02087340281193839,101.3751,-0.008581252626149727,15.44,4.94,"markets,us10y,vix"
2026-09-30 16:17,open,2026-09-30,2026-09-30,9,谨慎偏多,中,3830.45,0.18,0.1044,0.6360688810433057,6.7077,0.008945744062271999,101.2854,-0.0970569262544907,15.44,4.94,"markets,us10y,vix"
2026-09-30 17:57,midday,2026-09-30,2026-09-30,3,中性等待,中,3830.45,0.18,0.1044,-0.12389887559979273,6.7076,0.007454786718552597,101.2156,-0.16590421743907235,15.44,4.94,"markets,us10y,vix"
2026-09-30 21:38,close,2026-09-30,2026-09-30,-2,中性等待,中,3842.19,0.31,0.3744,-0.13270787080140733,6.7063,-0.011927658749677494,101.2273,-0.15436391218319745,15.44,4.94,"markets,us10y,vix"
2026-10-01 02:01,night,2026-10-01,2026-09-30,-4,中性等待,中,3842.19,0.31,0.3294,-0.2840363818663594,6.709,0.028328189530490988,101.4231,0.03876358944920888,15.44,4.94,"markets,us10y,vix"
2026-10-01 09:17,overnight,2026-10-01,2026-09-30,-8,谨慎防守,中,3842.19,0.31,-0.054,-0.4738952947074382,6.711,0.03130170370702068,101.4833,0.0007883132559838302,15.44,4.94,"markets,us10y,vix"
2026-10-01 16:41,open,2026-10-01,2026-09-30,-15,谨慎防守,中,3842.19,0.31,-0.054,-0.737377354436719,6.7196,0.15948963317384823,101.8266,0.3390732392284379,15.44,4.94,"markets,us10y,vix"
2026-10-01 18:24,midday,2026-10-01,2026-09-30,-10,谨慎防守,中,3842.19,0.31,-0.054,0.10966019767693069,6.7199,0.1639613051319877,101.8453,0.35750006158696834,15.44,4.94,"markets,us10y,vix"
2026-10-01 22:25,close,2026-10-01,2026-09-30,-9,谨慎防守,中,3842.19,0.31,-0.0573,0.06175600606015408,6.7176,0.12967848678622218,101.7621,0.2755154829650497,15.44,4.94,"markets,us10y,vix"
2026-10-02 02:27,night,2026-10-02,2026-09-30,-5,谨慎防守,中,3842.19,0.31,0.076,0.2424067527595497,6.7162,0.10881068431485286,102.1491,0.6568620205454234,15.44,4.94,"markets,us10y,vix"
2026-10-02 09:41,overnight,2026-10-02,2026-09-30,-5,谨慎防守,中,3842.19,0.31,-0.3256,-0.5481566986508923,6.7158,0.032769304099145025,102.1113,0.0847833075879656,15.44,4.94,"markets,us10y,vix"
2026-10-02 16:19,open,2026-10-02,2026-09-30,-1,中性等待,中,3842.19,0.31,-0.429,-0.4550898203592779,6.7021,-0.17129408960915304,101.8813,-0.1406520767499697,15.44,4.94,"markets,us10y,vix"
2026-10-02 18:00,midday,2026-10-02,2026-09-30,-2,中性等待,中,3842.19,0.31,-0.4106,-0.12454742939899122,6.7065,-0.105755481410863,101.9372,-0.08586147681739487,15.44,4.94,"markets,us10y,vix"
2026-10-02 21:48,close,2026-10-02,2026-09-30,6,谨慎偏多,中,3842.19,0.31,0.506,0.05944967414917013,6.704,-0.1429933269780692,101.8284,-0.19250221514768295,15.44,4.94,"markets,us10y,vix"
2026-10-03 01:55,night,2026-10-03,2026-09-30,3,中性等待,中,3842.19,0.31,0.3294,-0.042360608254887744,6.7065,-0.105755481410863,101.9301,-0.09282056911653624,15.44,4.94,"markets,us10y,vix"
2026-10-03 09:11,overnight,2026-10-03,2026-09-30,5,谨慎偏多,中,3842.19,0.31,0.371,0.16314265025343389,6.7061,-0.11171353670160755,101.9303,-0.09262453834754103,15.44,4.94,"markets,us10y,vix"
2026-10-03 15:55,open,2026-10-03,2026-09-30,7,谨慎偏多,中,3842.19,0.31,0.371,0.16314265025343389,6.7061,-0.11171353670160755,101.9303,-0.09262453834754103,15.44,4.94,"markets,us10y,vix"
2026-10-03 17:23,midday,2026-10-03,2026-09-30,9,谨慎偏多,中,3842.19,0.31,0.371,0.16314265025343389,6.7061,-0.11171353670160755,101.9303,-0.09262453834754103,15.44,4.94,"markets,us10y,vix"
2026-10-03 20:28,close,2026-10-03,2026-09-30,9,谨慎偏多,中,3842.19,0.31,0.371,0.16314265025343389,6.7061,-0.11171353670160755,101.9303,-0.09262453834754103,15.44,4.94,"markets,us10y,vix"
2026-10-04 00:29,night,2026-10-04,2026-09-30,9,谨慎偏多,中,3842.19,0.31,0.371,0.16314265025343389,6.7061,-0.11171353670160755,101.9303,-0.09262453834754103,15.44,4.94,"markets,us10y,vix"
2026-10-04 08:36,overnight,2026-10-04,2026-09-30,7,谨慎偏多,中,3842.19,0.31,0.371,0.16314265025343389,6.7061,-0.11171353670160755,101.9303,-0.09262453834754103,15.44,4.94,"markets,us10y,vix"
2026-10-04 16:17,open,2026-10-04,2026-09-30,7,谨慎偏多,中,3842.19,0.31,0.371,0.16314265025343389,6.7061,-0.11171353670160755,101.9303,-0.09262453834754103,15.44,4.94,"markets,us10y,vix"
2026-10-04 18:02,midday,2026-10-04,2026-09-30,7,谨慎偏多,中,3842.19,0.31,0.371,0.16314265025343389,6.7061,-0.11171353670160755,101.9303,-0.09262453834754103,15.44,4.94,"markets,us10y,vix"
2026-10-04 21:09,close,2026-10-04,2026-09-30,7,谨慎偏多,中,3842.19,0.31,0.371,0.16314265025343389,6.7061,-0.11171353670160755,101.9303,-0.09262453834754103,15.44,4.94,"markets,us10y,vix"
2026-10-05 00:53,night,2026-10-05,2026-09-30,7,谨慎偏多,中,3842.19,0.31,0.371,0.16314265025343389,6.7061,-0.11171353670160755,101.9303,-0.09262453834754103,15.44,4.94,"markets,us10y,vix"
2026-10-05 08:54,overnight,2026-10-05,2026-09-30,2,中性等待,中,3842.19,0.31,0.371,0.16314265025343389,6.7078,0.03579204819994519,101.9716,0.08440839529826327,15.44,4.94,"markets,us10y,vix"
2026-10-05 16:48,open,2026-10-05,2026-09-30,10,谨慎偏多,中,3842.19,0.31,0.851,0.06488052136133238,6.7071,0.025352700808300987,102.1343,0.24409730128693852,15.44,4.94,"markets,us10y,vix"
2026-10-05 18:48,midday,2026-10-05,2026-09-30,12,谨慎偏多,中,3842.19,0.31,0.851,0.01071221771857811,6.7073,0.028335371491627903,102.2091,0.31751297533706424,15.44,4.94,"markets,us10y,vix"
2026-10-05 23:56,close,2026-10-05,2026-09-30,12,谨慎偏多,中,3842.19,0.31,0.4194,0.4680081065431274,6.7055,0.0014913353416634578,102.1767,0.28571260315490843,15.44,4.94,"markets,news,us10y,vix"
2026-10-06 04:36,night,2026-10-06,2026-09-30,9,谨慎偏多,中,3842.19,0.31,0.571,0.43152866242037735,6.7039,-0.022370030124974072,102.1467,0.2562678140973773,15.44,4.94,"markets,us10y,vix"
2026-10-06 10:17,overnight,2026-10-06,2026-09-30,12,谨慎偏多,中,3842.19,0.31,0.641,0.3985234510712088,6.7019,-0.02386812858954368,102.1741,0.05072349526009656,15.44,4.94,"markets,us10y,vix"
2026-10-06 16:51,open,2026-10-06,2026-09-30,11,谨慎偏多,中,3842.19,0.31,0.691,0.3161551823972264,6.7003,-0.04773625717907626,102.0445,-0.07618316469566455,15.44,4.94,"markets,us10y,vix"
2026-10-06 18:42,midday,2026-10-06,2026-09-30,7,谨慎偏多,中,3842.19,0.31,0.691,0.024538106235572066,6.7019,-0.02386812858954368,102.0186,-0.10154491232570173,15.44,4.94,"markets,us10y,vix"
2026-10-06 22:08,close,2026-10-06,2026-09-30,10,谨慎偏多,中,3842.19,0.31,0.8594,0.23888568129331045,6.7028,-0.010442306257929523,101.8918,-0.22570976172686663,15.44,4.94,"markets,us10y,vix"
2026-10-07 02:28,night,2026-10-07,2026-09-30,10,谨慎偏多,中,3842.19,0.31,0.7677,0.2656610854503416,6.702,-0.022376370552701363,101.8358,-0.2805459728188575,15.44,4.94,"markets,us10y,vix"
2026-10-07 09:31,overnight,2026-10-07,2026-09-30,6,谨慎偏多,中,3842.19,0.31,0.541,0.2904157043879918,6.7027,0.019398931566549926,101.9686,0.11821514764127627,15.44,4.94,"markets,us10y,vix"
2026-10-07 16:29,open,2026-10-07,2026-09-30,2,中性等待,中,3842.19,0.31,0.4377,-0.21362586605081502,6.7056,0.06267347121498013,102.2728,0.4168949475788386,15.44,4.94,"markets,us10y,vix"
2026-10-07 18:31,midday,2026-10-07,2026-09-30,4,中性等待,中,3842.19,0.31,0.4377,-0.28914269191846476,6.7068,0.08058017727639033,102.3186,0.4618638326450597,15.44,4.94,"markets,us10y,vix"
2026-10-07 22:27,close,2026-10-07,2026-09-30,-5,谨慎防守,中,3842.19,0.31,-0.479,-0.3428509469423191,6.7054,0.05968902020474509,102.3312,0.47423518530518294,15.44,4.94,"markets,us10y,vix"
2026-10-08 02:58,night,2026-10-08,2026-09-30,-1,中性等待,中,3842.19,0.31,-0.2406,-0.14319791817261063,6.7019,0.00746112752560979,102.2448,0.3894030527785475,15.44,4.94,"markets,us10y,vix"
2026-10-08 09:54,overnight,2026-10-08,2026-10-08,3,中性等待,中,3842.19,0.31,-0.1923,1.0479976868584595,6.7013,-0.01790376725102627,102.1809,-0.09816066084417097,15.44,4.94,"markets,us10y,vix"
2026-10-08 16:46,open,2026-10-08,2026-10-08,-9,谨慎防守,中,3842.19,0.31,-0.389,-0.8782709267023292,6.7019,-0.008951883625507584,102.342,0.05934613658606924,15.44,4.94,"markets,us10y,vix"
2026-10-08 18:52,midday,2026-10-08,2026-10-08,-5,谨慎防守,中,3842.19,0.31,-0.389,-0.12976598381569948,6.7048,0.034315553897790174,102.3661,0.08290860597195415,15.44,4.94,"markets,us10y,vix"
2026-10-08 22:32,close,2026-10-08,2026-10-08,-20,谨慎防守,中,3811.90,-0.79,-0.1256,0.16767514762703328,6.7027,0.002983961208502528,102.0806,-0.196223552105812,15.44,4.94,"markets,us10y,vix"
2026-10-09 02:53,night,2026-10-09,2026-10-08,-25,防守优先,中,3811.90,-0.79,-0.3706,-0.28315229277539045,6.7038,0.019395747855277534,102.1209,-0.15682241035261946,15.44,4.94,"markets,us10y,vix"
2026-10-09 10:08,overnight,2026-10-09,2026-10-09,-20,谨慎防守,中,3811.90,-0.79,0.1577,-0.5838011226944717,6.6991,-0.061164816803915834,102.0199,-0.10839062925313003,15.44,4.94,"markets,us10y,vix"
2026-10-09 16:49,open,2026-10-09,2026-10-09,-14,谨慎防守,中,3811.90,-0.79,0.2327,0.2945250419187806,6.6928,-0.15514977920992878,102.0549,-0.07412078260580213,15.44,4.94,"markets,us10y,vix"
2026-10-09 18:51,midday,2026-10-09,2026-10-09,-16,谨慎防守,中,3811.90,-0.79,0.2327,-0.038100778012073455,6.6929,-0.15365795440983598,102.1583,0.02712213577515943,15.44,4.94,"markets,us10y,vix"
2026-10-09 22:20,close,2026-10-09,2026-10-09,14,谨慎偏多,中,3813.79,0.05,0.7644,-0.03235657674689474,6.6934,-0.14619883040936088,102.3042,0.16997843937076595,15.44,4.94,"markets,us10y,vix"
