date,上证指数_close,深证成指_close,创业板指_close,沪深300_close,科创50_close,上证指数_pct,深证成指_pct,创业板指_pct,沪深300_pct,科创50_pct,amount_yi,up,down,flat,limit_up,limit_down,broken,broken_rate,max_streak,streak_2plus
2026-01-05,4023.42,13828.63,3294.55,4717.75,1403.41,1.38,2.24,2.85,1.90,4.40,25463.5,,,,,,,,,
2026-01-06,4083.67,14022.55,3319.29,4790.69,1429.30,1.50,1.40,0.75,1.55,1.84,28065.8,,,,,,,,,
2026-01-07,4085.77,14030.56,3329.69,4776.67,1443.39,0.05,0.06,0.31,-0.29,0.99,28542.2,,,,,,,,,
2026-01-08,4082.98,13959.48,3302.31,4737.65,1455.17,-0.07,-0.51,-0.82,-0.82,0.82,28003.8,,,,,,,,,
2026-01-09,4120.43,14120.15,3327.81,4758.92,1475.97,0.92,1.15,0.77,0.45,1.43,31227.7,,,,,,,,,
2026-01-12,4165.29,14366.91,3388.34,4789.92,1511.84,1.09,1.75,1.82,0.65,2.43,36014.5,,,,,,,,,
2026-01-13,4138.76,14169.40,3321.89,4761.03,1469.57,-0.64,-1.37,-1.96,-0.60,-2.80,36510.6,,,,,,,,,
2026-01-14,4126.09,14248.60,3349.14,4741.93,1500.91,-0.31,0.56,0.82,-0.40,2.13,39414.8,,,,,,,,,
2026-01-15,4112.60,14306.73,3367.92,4751.43,1493.95,-0.33,0.41,0.56,0.20,-0.46,29055.6,,,,,,,,,
2026-01-16,4101.91,14281.08,3361.02,4731.87,1514.07,-0.26,-0.18,-0.20,-0.41,1.35,30263.2,,,,,,,,,
2026-01-19,4114.00,14294.05,3337.61,4734.46,1506.86,0.29,0.09,-0.70,0.05,-0.48,27084.3,,,,,,,,,
2026-01-20,4113.65,14155.63,3277.98,4718.88,1482.99,-0.01,-0.97,-1.79,-0.33,-1.58,27778.0,,,,,,,,,
2026-01-21,4116.94,14255.13,3295.52,4723.07,1535.39,0.08,0.70,0.54,0.09,3.53,26007.0,,,,,,,,,
2026-01-22,4122.58,14327.05,3328.65,4723.71,1541.64,0.14,0.50,1.01,0.01,0.41,26917.3,,,,,,,,,
2026-01-23,4136.16,14439.66,3349.50,4702.50,1553.71,0.33,0.79,0.63,-0.45,0.78,30852.2,,,,,,,,,
2026-01-26,4132.61,14316.64,3319.15,4706.96,1532.80,-0.09,-0.85,-0.91,0.09,-1.35,32482.0,,,,,,,,,
2026-01-27,4139.90,14329.91,3342.60,4705.69,1555.98,0.18,0.09,0.71,-0.03,1.51,28949.8,,,,,,,,,
2026-01-28,4151.24,14342.89,3323.56,4717.99,1554.80,0.27,0.09,-0.57,0.26,-0.08,29654.1,,,,,,,,,
2026-01-29,4157.98,14300.08,3304.51,4753.87,1507.64,0.16,-0.30,-0.57,0.76,-3.03,32300.1,,,,,,,,,
2026-01-30,4117.95,14205.89,3346.36,4706.34,1509.40,-0.96,-0.66,1.27,-1.00,0.12,28355.4,,,,,,,,,
2026-02-02,4015.75,13824.35,3264.11,4605.98,1450.90,-2.48,-2.69,-2.46,-2.13,-3.88,25847.7,,,,,,,,,
2026-02-03,4067.74,14127.11,3324.89,4660.11,1471.07,1.29,2.19,1.86,1.18,1.39,25442.3,,,,,,,,,
2026-02-04,4102.20,14156.27,3311.51,4698.68,1453.48,0.85,0.21,-0.40,0.83,-1.20,24809.7,,,,,,,,,
2026-02-05,4075.92,13952.71,3260.28,4670.42,1432.52,-0.64,-1.44,-1.55,-0.60,-1.44,21762.2,,,,,,,,,
2026-02-06,4065.58,13906.73,3236.46,4643.60,1422.41,-0.25,-0.33,-0.73,-0.57,-0.71,21457.2,,,,,,,,,
2026-02-09,4123.09,14208.44,3332.77,4719.06,1458.16,1.41,2.17,2.98,1.63,2.51,22494.7,,,,,,,,,
2026-02-10,4128.37,14210.63,3320.54,4724.30,1471.50,0.13,0.02,-0.37,0.11,0.91,21055.4,,,,,,,,,
2026-02-11,4131.99,14160.93,3284.74,4713.82,1455.11,0.09,-0.35,-1.08,-0.22,-1.11,19842.5,,,,,,,,,
2026-02-12,4134.02,14283.00,3328.06,4719.58,1480.99,0.05,0.86,1.32,0.12,1.78,21417.4,,,,,,,,,
2026-02-13,4082.07,14100.19,3275.96,4660.41,1470.33,-1.26,-1.28,-1.57,-1.25,-0.72,19826.8,,,,,,,,,
2026-02-24,4117.41,14291.57,3308.26,4707.54,1465.37,0.87,1.36,0.99,1.01,-0.34,22020.6,,,,,,,,,
2026-02-25,4147.23,14475.87,3354.82,4735.89,1473.28,0.72,1.29,1.41,0.60,0.54,24625.5,,,,,,,,,
2026-02-26,4146.63,14503.79,3344.98,4726.87,1485.86,-0.01,0.19,-0.29,-0.19,0.85,25384.5,,,,,,,,,
2026-02-27,4162.88,14495.09,3310.30,4710.65,1488.02,0.39,-0.06,-1.04,-0.34,0.15,24880.2,,,,,,,,,
2026-03-02,4182.59,14465.79,3294.16,4728.67,1464.77,0.47,-0.20,-0.49,0.38,-1.56,30207.2,,,,,,,,,
2026-03-03,4122.68,14022.39,3209.48,4655.90,1388.41,-1.43,-3.07,-2.57,-1.54,-5.21,31295.1,,,,,,,,,
2026-03-04,4082.47,13917.75,3164.37,4602.62,1381.56,-0.98,-0.75,-1.41,-1.14,-0.49,23657.5,,,,,,,,,
2026-03-05,4108.57,14088.84,3216.94,4647.69,1405.35,0.64,1.23,1.66,0.98,1.72,23900.4,,,,,,,,,
2026-03-06,4124.19,14172.63,3229.30,4660.44,1414.39,0.38,0.59,0.38,0.27,0.64,22001.5,,,,,,,,,
2026-03-09,4096.60,14067.50,3208.58,4615.46,1390.48,-0.67,-0.74,-0.64,-0.97,-1.69,26475.4,,,,,,,,,
2026-03-10,4123.14,14354.07,3306.14,4674.76,1420.54,0.65,2.04,3.04,1.28,2.16,23978.9,,,,,,,,,
2026-03-11,4133.43,14465.41,3349.53,4704.50,1401.08,0.25,0.78,1.31,0.64,-1.37,25083.8,,,,,,,,,
2026-03-12,4129.10,14374.87,3317.52,4687.56,1383.65,-0.10,-0.63,-0.96,-0.36,-1.24,24419.0,,,,,,,,,
2026-03-13,4095.45,14280.78,3310.28,4669.14,1373.64,-0.81,-0.65,-0.22,-0.39,-0.72,24003.2,,,,,,,,,
2026-03-16,4084.79,14307.58,3357.02,4671.56,1384.99,-0.26,0.19,1.41,0.05,0.83,23253.3,,,,,,,,,
2026-03-17,4049.91,14039.73,3280.06,4637.44,1354.15,-0.85,-1.87,-2.29,-0.73,-2.23,22078.6,,,,,,,,,
2026-03-18,4062.98,14187.80,3346.37,4658.33,1372.58,0.32,1.05,2.02,0.45,1.36,20460.6,,,,,,,,,
2026-03-19,4006.55,13901.57,3309.10,4583.25,1339.03,-1.39,-2.02,-1.11,-1.61,-2.44,21109.7,,,,,,,,,
2026-03-20,3957.05,13866.20,3352.10,4567.02,1318.31,-1.24,-0.25,1.30,-0.35,-1.55,22868.6,,,,,,,,,
2026-03-23,3813.28,13345.51,3235.22,4418.00,1261.44,-3.63,-3.76,-3.49,-3.26,-4.31,24315.5,,,,,,,,,
2026-03-24,3881.28,13536.56,3251.55,4474.72,1290.79,1.78,1.43,0.50,1.28,2.33,20828.7,,,,,,,,,
2026-03-25,3931.84,13801.00,3316.97,4537.47,1315.41,1.30,1.95,2.01,1.40,1.91,21798.3,,,,,,,,,
2026-03-26,3889.08,13606.44,3272.49,4477.53,1288.81,-1.09,-1.41,-1.34,-1.32,-2.02,19436.2,,,,,,,,,
2026-03-27,3913.72,13760.37,3295.88,4502.57,1300.76,0.63,1.13,0.71,0.56,0.93,18532.7,,,,,,,,,
2026-03-30,3923.29,13726.19,3273.36,4491.95,1289.78,0.24,-0.25,-0.68,-0.24,-0.84,19158.9,,,,,,,,,
2026-03-31,3891.86,13478.06,3184.95,4450.05,1256.33,-0.80,-1.81,-2.70,-0.93,-2.59,19926.5,,,,,,,,,
2026-04-01,3948.55,13706.52,3247.52,4526.07,1298.20,1.46,1.70,1.96,1.71,3.33,20125.2,,,,,,,,,
2026-04-02,3919.29,13486.94,3172.65,4478.91,1262.18,-0.74,-1.60,-2.31,-1.04,-2.77,18429.9,,,,,,,,,
2026-04-03,3880.10,13352.90,3149.60,4440.79,1256.21,-1.00,-0.99,-0.73,-0.85,-0.47,16565.1,,,,,,,,,
2026-04-07,3890.16,13400.41,3160.82,4440.62,1274.01,0.26,0.36,0.36,0.00,1.42,16143.9,,,,,,,,,
2026-04-08,3995.00,14042.50,3347.61,4595.56,1352.69,2.70,4.79,5.91,3.49,6.18,24345.2,,,,,,,,,
2026-04-09,3966.17,13996.27,3323.30,4566.22,1343.95,-0.72,-0.33,-0.73,-0.64,-0.65,21340.8,,,,,,,,,
2026-04-10,3986.22,14309.47,3448.79,4636.57,1364.49,0.51,2.24,3.78,1.54,1.53,23228.7,,,,,,,,,
2026-04-13,3988.56,14407.86,3476.44,4646.15,1375.29,0.06,0.69,0.80,0.21,0.79,21503.7,,,,,,,,,
2026-04-14,4026.63,14639.95,3558.53,4701.28,1405.07,0.95,1.61,2.36,1.19,2.17,23837.2,,,,,,,,,
2026-04-15,4027.21,14498.45,3514.96,4685.25,1406.32,0.01,-0.97,-1.22,-0.34,0.09,24152.4,,,,,,,,,
2026-04-16,4055.55,14796.33,3626.27,4736.61,1422.23,0.70,2.05,3.17,1.10,1.13,23416.9,,,,,,,,,
2026-04-17,4051.43,14885.42,3678.29,4728.67,1423.35,-0.10,0.60,1.43,-0.17,0.08,24255.8,,,,,,,,,
2026-04-20,4082.13,14966.75,3677.58,4757.44,1450.52,0.76,0.55,-0.02,0.61,1.91,25787.7,,,,,,,,,
2026-04-21,4085.08,14982.14,3688.94,4768.00,1426.68,0.07,0.10,0.31,0.22,-1.64,24085.4,,,,,,,,,
2026-04-22,4106.26,15177.29,3752.76,4799.63,1451.14,0.52,1.30,1.73,0.66,1.71,25597.9,,,,,,,,,
2026-04-23,4093.25,15043.45,3720.25,4786.33,1432.59,-0.32,-0.88,-0.87,-0.28,-1.28,28044.9,,,,,,,,,
2026-04-24,4079.90,14940.30,3667.79,4769.37,1453.69,-0.33,-0.69,-1.41,-0.35,1.47,26418.6,,,,,,,,,
2026-04-27,4086.34,14995.75,3648.79,4770.95,1508.38,0.16,0.37,-0.52,0.03,3.76,25894.5,,,,,,,,,
2026-04-28,4078.64,14830.46,3596.71,4758.21,1488.66,-0.19,-1.10,-1.43,-0.27,-1.31,25363.1,,,,,,,,,
2026-04-29,4107.51,15120.92,3687.17,4810.35,1493.50,0.71,1.96,2.52,1.10,0.33,25901.4,,,,,,,,,
2026-04-30,4112.16,15107.55,3677.15,4807.31,1571.07,0.11,-0.09,-0.27,-0.06,5.19,27409.1,,,,,,,,,
2026-05-06,4160.17,15459.62,3778.16,4877.09,1656.95,1.17,2.33,2.75,1.45,5.47,32268.3,,,,,,,,,
2026-05-07,4180.09,15641.89,3833.06,4900.51,1678.89,0.48,1.18,1.45,0.48,1.32,31439.6,,,,,,,,,
2026-05-08,4179.95,15563.80,3796.13,4871.91,1640.46,0.00,-0.50,-0.96,-0.58,-2.29,30485.4,,,,,,,,,
2026-05-11,4225.02,15899.30,3928.97,4951.84,1716.69,1.08,2.16,3.50,1.64,4.65,35388.6,,,,,,,,,
2026-05-12,4214.49,15824.92,3934.88,4948.05,1723.78,-0.25,-0.47,0.15,-0.08,0.41,32426.6,,,,,,,,,
2026-05-13,4242.57,16089.75,4038.33,4998.34,1770.15,0.67,1.67,2.63,1.02,2.69,32400.1,,,,,,,,,
2026-05-14,4177.92,15745.74,3951.14,4914.60,1725.09,-1.52,-2.14,-2.16,-1.68,-2.55,33622.5,,,,,,,,,
2026-05-15,4135.39,15561.37,3929.06,4859.59,1696.26,-1.02,-1.17,-0.56,-1.12,-1.67,33444.8,,,,,,,,,
2026-05-18,4131.53,15530.23,3914.88,4833.52,1709.96,-0.09,-0.20,-0.36,-0.54,0.81,28939.8,,,,,,,,,
2026-05-19,4169.54,15569.91,3908.44,4852.88,1775.13,0.92,0.26,-0.16,0.40,3.81,28865.6,,,,,,,,,
2026-05-20,4162.18,15569.98,3921.79,4850.70,1832.02,-0.18,0.00,0.34,-0.04,3.20,29537.1,,,,,,,,,
2026-05-21,4077.28,15247.27,3829.78,4783.10,1764.17,-2.04,-2.07,-2.35,-1.39,-3.70,34816.0,,,,,,,,,
2026-05-22,4112.90,15597.30,3938.50,4845.10,1790.77,0.87,2.30,2.84,1.30,1.51,29033.2,,,,,,,,,
2026-05-25,4152.57,15856.61,4021.16,4921.60,1896.04,0.96,1.66,2.10,1.58,5.88,32057.3,,,,,,,,,
2026-05-26,4145.37,15876.16,4043.07,4947.85,1867.71,-0.17,0.12,0.54,0.53,-1.49,32436.9,,,,,,,,,
2026-05-27,4093.73,15736.47,4045.77,4908.17,1815.45,-1.25,-0.88,0.07,-0.80,-2.80,32385.6,,,,,,,,,
2026-05-28,4098.64,15861.89,4125.07,4914.21,1844.25,0.12,0.80,1.96,0.12,1.59,29681.5,,,,,,,,,
2026-05-29,4068.57,15575.13,4037.95,4892.12,1751.32,-0.73,-1.81,-2.11,-0.45,-5.04,33190.3,,,,,,,,,
2026-06-01,4057.74,15340.36,3950.94,4844.26,1663.69,-0.27,-1.51,-2.15,-0.98,-5.00,28774.9,,,,,,,,,
2026-06-02,4075.10,15591.13,4055.87,4914.56,1690.56,0.43,1.63,2.66,1.45,1.62,27929.9,,,,,,,,,
2026-06-03,4083.97,15704.71,4122.99,4938.81,1726.18,0.22,0.73,1.65,0.49,2.11,31302.8,,,,,,,,,
2026-06-04,4057.78,15661.57,4088.88,4904.75,1738.06,-0.64,-0.27,-0.83,-0.69,0.69,27576.7,,,,,,,,,
2026-06-05,4027.74,15314.70,3957.94,4816.92,1668.33,-0.74,-2.21,-3.20,-1.79,-4.01,30691.9,,,,,,,,,
2026-06-08,3959.34,14821.19,3811.79,4713.64,1596.57,-1.70,-3.22,-3.69,-2.14,-4.30,27927.4,,,,,,,,,
2026-06-09,4010.03,15268.71,3961.75,4801.81,1663.11,1.28,3.02,3.93,1.87,4.17,26403.0,,,,,,,,,
2026-06-10,3993.23,14954.10,3854.79,4748.59,1652.22,-0.42,-2.06,-2.70,-1.11,-0.65,26192.4,,,,,,,,,
2026-06-11,3987.01,14851.98,3811.25,4722.41,1662.44,-0.16,-0.68,-1.13,-0.55,0.62,25520.2,,,,,,,,,
2026-06-12,4031.51,14963.41,3830.35,4777.32,1663.22,1.12,0.75,0.50,1.16,0.05,32149.5,,,,,,,,,
2026-06-15,4096.47,15531.11,4033.53,4891.71,1748.33,1.61,3.79,5.30,2.39,5.12,30312.0,,,,,,,,,
2026-06-16,4091.89,15675.25,4102.94,4884.23,1758.42,-0.11,0.93,1.72,-0.15,0.58,30647.0,,,,,,,,,
2026-06-17,4108.08,15880.95,4167.05,4931.39,1840.82,0.40,1.31,1.56,0.97,4.69,30917.6,,,,,,,,,
2026-06-18,4090.48,16030.70,4252.39,4941.60,1911.51,-0.43,0.94,2.05,0.21,3.84,33101.1,,,,,,,,,
2026-06-22,4163.10,16372.50,4359.39,5059.66,1948.93,1.78,2.13,2.52,2.39,1.96,37372.0,,,,,,,,,
2026-06-23,4106.25,15854.20,4192.19,4919.39,1916.21,-1.37,-3.17,-3.84,-2.77,-1.68,34407.6,,,,,,,,,
2026-06-24,4110.81,16051.32,4251.42,4943.02,1989.43,0.11,1.24,1.41,0.48,3.82,32843.3,,,,,,,,,
2026-06-25,4120.28,16344.08,4371.99,5020.10,2066.33,0.23,1.82,2.84,1.56,3.87,35942.9,,,,,,,,,
2026-06-26,4027.26,15782.22,4194.21,4868.22,2032.28,-2.26,-3.44,-4.07,-3.03,-1.65,35524.1,,,,,,,,,
2026-06-29,4073.90,15812.87,4216.70,4926.92,2126.01,1.16,0.19,0.54,1.21,4.61,35177.5,,,,,,,,,
2026-06-30,4094.40,16205.56,4342.71,4979.43,2207.86,0.50,2.48,2.99,1.07,3.85,32737.6,,,,,,,,,
2026-07-01,4112.45,16119.17,4260.72,4958.98,2153.04,0.44,-0.53,-1.89,-0.41,-2.48,36600.0,,,,,,,,,
2026-07-02,4028.90,15498.81,4017.27,4812.30,1987.29,-2.03,-3.85,-5.71,-2.96,-7.70,34505.5,,,,,,,,,
2026-07-03,4043.64,15597.51,4019.93,4842.17,1975.60,0.37,0.64,0.07,0.62,-0.59,31824.5,,,,,,,,,
2026-07-06,4041.24,15416.80,3948.86,4842.00,1996.10,-0.06,-1.16,-1.77,0.00,1.04,30911.2,,,,,,,,,
2026-07-07,3990.24,15225.11,3911.91,4792.26,2001.59,-1.26,-1.24,-0.94,-1.03,0.28,25811.6,,,,,,,,,
2026-07-08,3970.88,14939.73,3845.35,4755.53,2016.23,-0.49,-1.87,-1.70,-0.77,0.73,25635.2,,,,,,,,,
2026-07-09,4036.59,15398.73,4018.17,4876.31,2185.83,1.65,3.07,4.49,2.54,8.41,29137.3,,,,,,,,,
2026-07-10,3996.16,15046.67,3842.73,4780.79,2064.98,-1.00,-2.29,-4.37,-1.96,-5.53,33885.5,,,,,,,,,
2026-07-13,3913.79,14522.85,3723.52,4695.38,1994.32,-2.06,-3.48,-3.10,-1.79,-3.42,28177.6,,,,,,,,,
2026-07-14,3967.13,14924.87,3851.14,4796.50,2009.73,1.36,2.77,3.43,2.15,0.77,27039.7,,,,,,,,,
2026-07-15,3955.58,14779.40,3804.70,4786.78,1924.27,-0.29,-0.97,-1.21,-0.20,-4.25,25711.5,,,,,,,,,
2026-07-16,3882.41,14488.65,3692.46,4698.43,1846.88,-1.85,-1.97,-2.95,-1.85,-4.02,24035.7,,,,,,,,,
2026-07-17,3764.15,13706.88,3428.63,4529.10,1715.40,-3.05,-5.40,-7.15,-3.60,-7.12,26549.6,,,,,,,,,
2026-07-20,3796.28,13610.23,3443.10,4598.32,1718.69,0.85,-0.71,0.42,1.53,0.19,27021.3,,,,,,,,,
2026-07-21,3864.37,14264.29,3685.97,4739.23,1903.16,1.79,4.81,7.05,3.06,10.73,29570.9,,,,,,,,,
2026-07-22,3867.03,14061.44,3566.73,4717.24,1860.08,0.07,-1.42,-3.23,-0.46,-2.26,26533.5,,,,,,,,,
2026-07-23,3876.78,14123.31,3575.52,4728.00,1789.69,0.25,0.44,0.25,0.23,-3.78,21953.0,,,,,,,,,
2026-07-24,3814.20,13774.68,3480.87,4649.19,1787.20,-1.61,-2.47,-2.65,-1.67,-0.14,19311.4,,,,,,,,,
2026-07-27,3858.25,14148.73,3590.79,4702.43,1807.95,1.15,2.72,3.16,1.15,1.16,20766.2,,,,,,,,,
2026-07-28,3813.31,13509.68,3327.03,4569.52,1693.48,-1.16,-4.52,-7.35,-2.83,-6.33,20257.8,,,,,,,,,
2026-07-29,3828.47,13658.44,3378.70,4600.26,1678.74,0.40,1.10,1.55,0.67,-0.87,22965.8,,,,,,,,,
2026-07-30,3804.69,13285.80,3244.62,4549.72,1588.41,-0.62,-2.73,-3.97,-1.10,-5.38,23428.1,,,,,,,,,
2026-07-31,3832.26,13578.93,3343.96,4588.20,1635.96,0.72,2.21,3.06,0.85,2.99,25419.5,,,,,,,,,
2026-08-03,3809.66,13448.29,3302.55,4543.18,1552.89,-0.59,-0.96,-1.24,-0.98,-5.08,19973.9,,,,,,,,,
2026-08-04,3822.28,13885.71,3488.97,4600.93,1616.36,0.33,3.25,5.64,1.27,4.09,22135.9,,,,,,,,,
2026-08-05,3878.43,14144.20,3535.14,4658.15,1693.67,1.47,1.86,1.32,1.24,4.78,26596.3,,,,,,,,,
2026-08-06,3900.35,14110.12,3515.56,4651.31,1701.29,0.57,-0.24,-0.55,-0.15,0.45,25287.8,,,,,,,,,
2026-08-07,3940.04,14311.01,3563.12,4694.44,1744.02,1.02,1.42,1.35,0.93,2.51,26644.2,,,,,,,,,
2026-08-10,3966.59,14316.96,3537.21,4702.02,1737.77,0.67,0.04,-0.73,0.16,-0.36,25231.0,,,,,,,,,
2026-08-11,3934.09,14259.44,3549.16,4663.79,1709.50,-0.82,-0.40,0.34,-0.81,-1.63,23209.9,,,,,,,,,
2026-08-12,3946.68,14414.43,3602.08,4690.92,1736.99,0.32,1.09,1.49,0.58,1.61,21524.2,,,,,,,,,
2026-08-13,3926.96,14289.44,3586.04,4663.95,1717.75,-0.50,-0.87,-0.45,-0.57,-1.11,25509.2,,,,,,,,,
2026-08-14,3927.18,14354.31,3626.30,4665.88,1717.68,0.01,0.45,1.12,0.04,0.00,21428.4,,,,,,,,,
2026-08-17,3982.65,14704.27,3740.16,4741.10,1788.85,1.41,2.44,3.14,1.61,4.14,23874.6,,,,,,,,,
2026-08-18,3990.30,14622.50,3705.56,4725.81,1790.87,0.19,-0.56,-0.93,-0.32,0.11,24007.7,,,,,,,,,
2026-08-19,3894.42,13890.15,3473.49,4588.70,1667.52,-2.40,-5.01,-6.26,-2.90,-6.89,25110.4,,,,,,,,,
2026-08-20,3903.72,13972.78,3495.59,4592.75,1652.97,0.24,0.59,0.64,0.09,-0.87,20793.6,,,,,,,,,
2026-08-21,3905.20,14094.17,3545.58,4618.90,1653.56,0.04,0.87,1.43,0.57,0.04,18792.6,,,,,,,,,
2026-08-24,3882.01,13794.29,3431.89,4563.13,1602.34,-0.59,-2.13,-3.21,-1.21,-3.10,20074.6,,,,,,,,,
2026-08-25,3889.44,13745.87,3397.52,4552.03,1604.59,0.19,-0.35,-1.00,-0.24,0.14,18318.4,,,,,,,,,
2026-08-26,3912.52,13841.33,3414.88,4590.79,1632.02,0.59,0.69,0.51,0.85,1.71,18087.2,,,,,,,,,
2026-08-27,3956.57,14048.88,3473.35,4630.28,1693.48,1.13,1.50,1.71,0.86,3.77,21259.3,,,,,,,,,
2026-08-28,3952.18,13953.07,3424.40,4609.18,1662.15,-0.11,-0.68,-1.41,-0.46,-1.85,21017.2,,,,,,,,,
2026-08-31,3986.30,14015.00,3438.68,4625.09,1684.39,0.86,0.44,0.42,0.35,1.34,21310.3,,,,,,,,,
2026-09-01,3979.89,13872.38,3393.43,4611.44,1647.53,-0.16,-1.02,-1.32,-0.30,-2.19,20334.0,,,,,,,,,
2026-09-02,3941.39,13611.55,3312.24,4547.96,1617.60,-0.97,-1.88,-2.39,-1.38,-1.82,17911.8,,,,,,,,,
2026-09-03,3942.09,13625.12,3312.54,4552.58,1611.17,0.02,0.10,0.01,0.10,-0.40,17589.2,,,,,,,,,
2026-09-04,3930.12,13516.97,3286.55,4548.05,1577.36,-0.30,-0.79,-0.78,-0.10,-2.10,20306.7,,,,,,,,,
2026-09-07,3932.70,13774.91,3398.68,4575.02,1615.53,0.07,1.91,3.41,0.59,2.42,19460.2,,,,,,,,,
2026-09-08,3940.55,13703.21,3359.72,4558.74,1591.00,0.20,-0.52,-1.15,-0.36,-1.52,19603.3,,,,,,,,,
2026-09-09,3951.51,13723.32,3354.97,4572.60,1580.06,0.28,0.15,-0.14,0.30,-0.69,18556.1,,,,,,,,,
2026-09-10,3934.40,13617.67,3338.42,4548.39,1569.22,-0.43,-0.77,-0.49,-0.53,-0.69,16471.5,,,,,,,,,
2026-09-11,3888.11,13471.26,3322.04,4510.16,1553.39,-1.18,-1.08,-0.49,-0.84,-1.01,19719.0,,,,,,,,,
2026-09-14,3885.33,13384.57,3285.58,4480.08,1528.27,-0.07,-0.64,-1.10,-0.67,-1.62,16291.8,,,,,,,,,
2026-09-15,3864.28,13287.97,3247.92,4450.04,1551.96,-0.54,-0.72,-1.15,-0.67,1.55,16127.2,,,,,,,,,
2026-09-16,3891.60,13454.74,3311.47,4480.27,1616.19,0.71,1.26,1.96,0.68,4.14,18391.2,,,,,,,,,
2026-09-17,3875.60,13409.91,3298.31,4460.16,1606.29,-0.41,-0.33,-0.40,-0.45,-0.61,18231.3,,,,,,,,,
2026-09-18,3911.87,13640.87,3372.68,4507.39,1652.63,0.94,1.72,2.25,1.06,2.88,20771.0,4277,1173,180,78,0,25,24.3,16,18
2026-09-21,3949.91,13730.02,3399.59,4539.57,1657.48,0.97,0.65,0.80,0.71,0.29,20315.1,4583,951,96,103,2,25,19.5,17,31
2026-09-22,3952.13,13723.74,3399.93,4544.59,1665.04,0.06,-0.05,0.01,0.11,0.46,21355.5,2391,3077,163,63,3,18,22.2,9,27
