date,rank_type,rank,name,pct,net_inflow_yi,leader
2026-09-18,down,1,其他养殖,-3.47,-0.16,*ST福成
2026-09-18,down,2,种子,-1.52,-2.04,敦煌种业
2026-09-18,down,3,涂料,-1.51,-0.10,三棵树
2026-09-18,down,4,汽车经销商,-1.49,-0.01,上海物贸
2026-09-18,down,5,汽车服务,-1.11,-0.07,阿尔特
2026-09-18,up,1,其他医疗服务,6.72,1.97,南华生物
2026-09-18,up,2,房产租赁经纪,4.86,1.00,世联行
2026-09-18,up,3,半导体设备,4.83,18.20,托伦斯
2026-09-18,up,4,数字芯片设计,4.68,75.35,诚邦股份
2026-09-18,up,5,集成电路制造,4.59,12.40,盛合晶微
2026-09-21,down,1,空调,-2.12,-4.63,春兰股份
2026-09-21,down,2,黄金,-1.51,-9.99,招金黄金
2026-09-21,down,3,贵金属,-1.51,-12.58,招金黄金
2026-09-21,down,4,白银,-1.50,-2.59,湖南白银
2026-09-21,down,5,钨,-0.98,-8.56,章源钨业
2026-09-21,up,1,其他医疗服务,7.97,0.48,南华生物
2026-09-21,up,2,房产租赁经纪,7.35,2.66,我爱我家
2026-09-21,up,3,会展服务,7.18,0.48,锋尚文化
2026-09-21,up,4,宠物食品,6.61,0.88,乖宝宠物
2026-09-21,up,5,防水材料,6.14,1.80,科顺股份
2026-09-22,down,1,涂料,-5.79,-0.10,三棵树
2026-09-22,down,2,橡胶助剂,-2.82,-1.30,阳谷华泰
2026-09-22,down,3,旅游综合,-2.62,-0.54,锦旅Ｂ股
2026-09-22,down,4,快递,-2.51,-1.44,顺丰控股
2026-09-22,down,5,航运,-2.38,-6.24,海科B
2026-09-22,up,1,燃料电池,10.78,0.29,亿华通-U
2026-09-22,up,2,其他家电Ⅲ,5.00,0.18,奥佳华
2026-09-22,up,3,其他家电Ⅱ,5.00,0.18,奥佳华
2026-09-22,up,4,广告媒体,4.20,-0.29,华媒控股
2026-09-22,up,5,教育出版,3.77,1.19,新华文轩
2026-09-23,down,1,焦炭Ⅱ,-5.09,-1.92,开滦股份
2026-09-23,down,2,焦炭Ⅲ,-5.09,-1.92,开滦股份
2026-09-23,down,3,文字媒体,-5.00,-2.56,掌阅科技
2026-09-23,down,4,其他养殖,-4.85,-0.31,*ST福成
2026-09-23,down,5,教育运营及其他,-4.82,-0.66,ST豆神
2026-09-23,up,1,半导体材料,3.80,7.70,康强电子
2026-09-23,up,2,房产租赁经纪,3.21,0.28,我爱我家
2026-09-23,up,3,光伏加工设备,2.82,2.37,金辰股份
2026-09-23,up,4,仪器仪表,2.79,5.14,威星智能
2026-09-23,up,5,有机硅,2.69,2.65,集泰股份
2026-09-24,down,1,白银,-4.83,-3.80,兴业银锡
2026-09-24,down,2,印制电路板,-4.74,-74.13,中京电子
2026-09-24,down,3,广告媒体,-4.70,-0.50,分众传媒
2026-09-24,down,4,贵金属,-4.63,-13.30,招金黄金
2026-09-24,down,5,医疗研发外包,-4.61,-22.41,和元生物
2026-09-24,up,1,林业Ⅲ,5.83,6.39,平潭发展
2026-09-24,up,2,林业Ⅱ,5.83,6.39,平潭发展
2026-09-24,up,3,其他医疗服务,4.29,2.01,合富中国
2026-09-24,up,4,其他家电Ⅲ,4.24,0.74,奥佳华
2026-09-24,up,5,其他家电Ⅱ,4.24,0.74,奥佳华
2026-09-29,down,1,其他医疗服务,-2.84,-1.66,润达医疗
2026-09-29,down,2,运动服装,-2.53,-0.51,探路者
2026-09-29,down,3,其他养殖,-2.41,-0.30,华英农业
2026-09-29,down,4,炼油化工,-2.32,-3.14,ST沈化
2026-09-29,down,5,林业Ⅱ,-2.25,-0.68,永安林业
2026-09-29,up,1,燃料电池,7.73,0.15,亿华通-U
2026-09-29,up,2,锂电专用设备,7.17,7.65,尚水智能
2026-09-29,up,3,文字媒体,6.77,1.20,掌阅科技
2026-09-29,up,4,视频媒体,5.54,1.37,芒果超媒
2026-09-29,up,5,印制电路板,5.43,29.51,依顿电子
2026-10-08,down,1,视频媒体,-8.71,-2.06,芒果超媒
2026-10-08,down,2,文字媒体,-7.95,-2.01,掌阅科技
2026-10-08,down,3,分立器件,-6.36,-10.46,ST派瑞
2026-10-08,down,4,集成电路制造,-5.52,-18.54,燧原科技-U
2026-10-08,down,5,模拟芯片设计,-5.40,-7.64,慧智微-U
2026-10-08,up,1,蓄电池及其他电池,5.19,6.19,雄韬股份
2026-10-08,up,2,锂电专用设备,4.98,6.06,尚水智能
2026-10-08,up,3,焦炭Ⅲ,3.75,2.05,安泰集团
2026-10-08,up,4,焦炭Ⅱ,3.75,2.05,安泰集团
2026-10-08,up,5,油气及炼化工程,3.71,1.28,博迈科
2026-10-09,down,1,印制电路板,-4.06,-40.81,澳弘电子
2026-10-09,down,2,元件,-3.67,-58.88,澳弘电子
2026-10-09,down,3,燃料电池,-3.34,-0.08,亿华通-U
2026-10-09,down,4,风电零部件,-3.32,-9.16,新强联
2026-10-09,down,5,风电设备,-2.87,-10.81,三一重能
2026-10-09,up,1,视频媒体,19.98,2.68,芒果超媒
2026-10-09,up,2,文字媒体,15.00,5.19,中文在线
2026-10-09,up,3,种子,7.78,8.08,万向德农
2026-10-09,up,4,影视动漫制作,7.64,6.88,上海电影
2026-10-09,up,5,影视院线,7.06,6.89,上海电影
